corp_id:ID,name,:LABEL
c_0,"Everett, Lucero and Harrington",Corp
c_1,Best-Webster,Corp
c_2,Bennett-Davis,Corp
c_3,"Hood, Montgomery and Murray",Corp
c_4,Le-Jones,Corp
c_5,Thomas-Wilson,Corp
c_6,"Bailey, Bennett and Bridges",Corp
c_7,Patel-Scott,Corp
c_8,Thompson Group,Corp
c_9,Hinton LLC,Corp
c_10,Hardy-Wilson,Corp
c_11,Guzman-Clark,Corp
c_12,Hall LLC,Corp
c_13,"Jones, Jimenez and Hess",Corp
c_14,Martinez Inc,Corp
c_15,"Santos, Short and Mccormick",Corp
c_16,"Miller, Brown and Dixon",Corp
c_17,"Pena, Figueroa and Mills",Corp
c_18,Williams-Weaver,Corp
c_19,"Thomas, Hoffman and Campbell",Corp
c_20,Henderson Group,Corp
c_21,Walters-King,Corp
c_22,Randall-Campbell,Corp
c_23,"Garrett, Ramirez and Hayes",Corp
c_24,Rogers Ltd,Corp
c_25,Best-Howard,Corp
c_26,Fox Ltd,Corp
c_27,Schneider LLC,Corp
c_28,Anderson-Tapia,Corp
c_29,Martinez Inc,Corp
c_30,"Thomas, Cannon and Murphy",Corp
c_31,Guzman-Hooper,Corp
c_32,Dennis Group,Corp
c_33,Levy PLC,Corp
c_34,Mccoy LLC,Corp
c_35,Lopez-Lewis,Corp
c_36,"Turner, Pena and Delacruz",Corp
c_37,"Fisher, Carlson and Porter",Corp
c_38,Griffin-Obrien,Corp
c_39,"Ramirez, Johnson and Coffey",Corp
c_40,Lewis Inc,Corp
c_41,"Russell, Cortez and Ward",Corp
c_42,Delgado-Thomas,Corp
c_43,Montes Group,Corp
c_44,Jones-Murray,Corp
c_45,Wagner Group,Corp
c_46,Blair-Sexton,Corp
c_47,Rhodes PLC,Corp
c_48,Baker Inc,Corp
c_49,Walters-Clark,Corp
c_50,Johnson-Gordon,Corp
c_51,Garcia Group,Corp
c_52,Baker LLC,Corp
c_53,Phillips Group,Corp
c_54,Taylor Group,Corp
c_55,Williams-Patel,Corp
c_56,"Wilson, Allen and Hernandez",Corp
c_57,Rivera-Nguyen,Corp
c_58,"Swanson, Harding and Cruz",Corp
c_59,Patel PLC,Corp
c_60,"Willis, Collins and Phelps",Corp
c_61,"Johnson, Powell and Wright",Corp
c_62,Cabrera-Mcgee,Corp
c_63,Livingston Ltd,Corp
c_64,"Ford, Martinez and Ellis",Corp
c_65,"Ramirez, Tucker and Walker",Corp
c_66,Trujillo-Kennedy,Corp
c_67,Cole-Odom,Corp
c_68,Dunn-Johnson,Corp
c_69,Gonzalez-Meza,Corp
c_70,Hanson-Oneal,Corp
c_71,Morgan-Diaz,Corp
c_72,"Kelly, Walker and Mitchell",Corp
c_73,Tate PLC,Corp
c_74,"Phillips, Richardson and Arnold",Corp
c_75,Davis-Jones,Corp
c_76,"Manning, Livingston and Mathews",Corp
c_77,Morris-Edwards,Corp
c_78,"Coleman, Harris and Cochran",Corp
c_79,Romero-Joseph,Corp
c_80,Levy Inc,Corp
c_81,"Carroll, Holt and Nelson",Corp
c_82,Burns-Ruiz,Corp
c_83,Matthews Group,Corp
c_84,"Dominguez, Gilmore and Carson",Corp
c_85,Wright Inc,Corp
c_86,Reyes and Sons,Corp
c_87,Brennan-Simpson,Corp
c_88,Mclaughlin-Horton,Corp
c_89,Arnold-Griffith,Corp
c_90,Ford Ltd,Corp
c_91,Foley-Adams,Corp
c_92,Johnson LLC,Corp
c_93,Reid-Newton,Corp
c_94,"Hall, Rivas and Davis",Corp
c_95,Stanley-Smith,Corp
c_96,Robbins Inc,Corp
c_97,Vargas-Cummings,Corp
c_98,Hill-Lopez,Corp
c_99,Lowe-Reid,Corp
c_100,Williams Ltd,Corp
c_101,Wong-Garcia,Corp
c_102,Grant PLC,Corp
c_103,Valentine LLC,Corp
c_104,"Garza, Simon and George",Corp
c_105,Beck Ltd,Corp
c_106,Young-Olson,Corp
c_107,Newton-Taylor,Corp
c_108,Solomon LLC,Corp
c_109,"Morse, Garcia and Foster",Corp
c_110,"Weiss, Guzman and Rivera",Corp
c_111,Curry Group,Corp
c_112,"Martin, Clements and Pruitt",Corp
c_113,Dunn-Bowers,Corp
c_114,"Good, Diaz and Rosales",Corp
c_115,Wise-Perry,Corp
c_116,Lambert Group,Corp
c_117,Williams Inc,Corp
c_118,"Russell, Rice and Duran",Corp
c_119,Potter Inc,Corp
c_120,Scott-Harrington,Corp
c_121,Reilly PLC,Corp
c_122,"Travis, Barrera and Baxter",Corp
c_123,Orozco-Frank,Corp
c_124,Liu-Matthews,Corp
c_125,"Wood, Roberts and Barton",Corp
c_126,Hicks and Sons,Corp
c_127,"Harrison, Lee and Phelps",Corp
c_128,Pham-Morrison,Corp
c_129,"Jackson, Barnett and Alvarado",Corp
c_130,Sims Inc,Corp
c_131,Fernandez-Gordon,Corp
c_132,Chambers LLC,Corp
c_133,Brooks-Williams,Corp
c_134,"Walter, Davis and Campbell",Corp
c_135,Miller-Becker,Corp
c_136,"York, Lewis and Ford",Corp
c_137,"Clark, Ochoa and Murphy",Corp
c_138,Gonzalez Inc,Corp
c_139,Vasquez-Schneider,Corp
c_140,"Proctor, Johnson and Obrien",Corp
c_141,Baxter PLC,Corp
c_142,Hernandez-Dillon,Corp
c_143,"Day, Williams and Mitchell",Corp
c_144,Valdez and Sons,Corp
c_145,Russell Ltd,Corp
c_146,"Mccarthy, Boyd and Hall",Corp
c_147,"Roberts, Evans and Thomas",Corp
c_148,Torres LLC,Corp
c_149,Harvey Inc,Corp
c_150,Mcpherson-Martinez,Corp
c_151,"Morgan, Ortiz and Thornton",Corp
c_152,"Rice, Hunter and Tucker",Corp
c_153,"Smith, Anthony and Melton",Corp
c_154,Koch and Sons,Corp
c_155,Goodman-George,Corp
c_156,Blankenship-Anderson,Corp
c_157,"Graves, Bryant and Diaz",Corp
c_158,Martinez-Wilkerson,Corp
c_159,"Salazar, Allen and Allen",Corp
c_160,Parks-Watkins,Corp
c_161,"Jackson, Fox and Hall",Corp
c_162,Brown-Edwards,Corp
c_163,Bates-Thomas,Corp
c_164,Williams-Greer,Corp
c_165,Gordon-Wallace,Corp
c_166,Nguyen LLC,Corp
c_167,Lucero-Day,Corp
c_168,Martin and Sons,Corp
c_169,"Dudley, Nelson and Mcfarland",Corp
c_170,Greer and Sons,Corp
c_171,"Stevens, Smith and Pineda",Corp
c_172,King Group,Corp
c_173,"Green, Lewis and Sanchez",Corp
c_174,Shelton Ltd,Corp
c_175,Harrell PLC,Corp
c_176,"Griffin, Caldwell and Anderson",Corp
c_177,Barber-Bridges,Corp
c_178,"Moore, Adams and Dudley",Corp
c_179,Cooper-Gray,Corp
c_180,Graham-Lambert,Corp
c_181,Nolan-Anderson,Corp
c_182,"Ward, Evans and Peterson",Corp
c_183,Reed LLC,Corp
c_184,Richardson-Vincent,Corp
c_185,"Rodriguez, Taylor and Morrison",Corp
c_186,Gray-Shepard,Corp
c_187,"Ray, Kirk and Fox",Corp
c_188,"Miller, Baldwin and Rogers",Corp
c_189,Wilson and Sons,Corp
c_190,Powell PLC,Corp
c_191,Johns-Hardy,Corp
c_192,Patterson Group,Corp
c_193,Lee and Sons,Corp
c_194,"Snyder, Snyder and White",Corp
c_195,Palmer and Sons,Corp
c_196,Fletcher-Carrillo,Corp
c_197,Rios-Ferguson,Corp
c_198,"White, James and Dougherty",Corp
c_199,Eaton-Cooper,Corp
c_200,"Walker, Johnson and Edwards",Corp
c_201,Lopez Ltd,Corp
c_202,"Ferguson, Collins and Jimenez",Corp
c_203,"Myers, Valdez and Carr",Corp
c_204,Gallagher PLC,Corp
c_205,Martin-House,Corp
c_206,Potts PLC,Corp
c_207,"Martinez, Sanford and Spencer",Corp
c_208,"Peterson, Jackson and Sullivan",Corp
c_209,"Jones, Martinez and Ortega",Corp
c_210,Holland and Sons,Corp
c_211,Chavez LLC,Corp
c_212,Barnett-Miller,Corp
c_213,Davis-Griffin,Corp
c_214,"Harris, Rocha and Curtis",Corp
c_215,Salinas and Sons,Corp
c_216,Stafford-Hernandez,Corp
c_217,Campbell-Bailey,Corp
c_218,"Foster, Mayo and Garcia",Corp
c_219,"Evans, Sharp and Norris",Corp
c_220,"Carter, Wong and Lewis",Corp
c_221,Lowery-Snyder,Corp
c_222,"House, Quinn and Wilson",Corp
c_223,Walters and Sons,Corp
c_224,Robinson-Campos,Corp
c_225,Arnold-Harris,Corp
c_226,"Cortez, Parks and Johnson",Corp
c_227,Martinez-Hunt,Corp
c_228,"Clark, Brown and Wolf",Corp
c_229,Waller-Weiss,Corp
c_230,Brown Inc,Corp
c_231,"Burns, Taylor and Daniels",Corp
c_232,Cook Inc,Corp
c_233,Howard-Anderson,Corp
c_234,Pena-Martinez,Corp
c_235,Matthews-Barnett,Corp
c_236,Bradley Inc,Corp
c_237,"Mcguire, Austin and Johnson",Corp
c_238,"Walker, Lopez and Schneider",Corp
c_239,Tanner-Lawrence,Corp
c_240,"Collier, Brown and Shaw",Corp
c_241,Stewart and Sons,Corp
c_242,"Williamson, Barron and Cooper",Corp
c_243,"Zamora, Roberts and Williams",Corp
c_244,Richards and Sons,Corp
c_245,Thompson-King,Corp
c_246,Fowler PLC,Corp
c_247,Shah Ltd,Corp
c_248,Thompson Ltd,Corp
c_249,"Morrison, Martin and Campbell",Corp
c_250,Bauer Inc,Corp
c_251,Murray Group,Corp
c_252,Jackson PLC,Corp
c_253,"Patterson, Johnson and Reeves",Corp
c_254,"Lyons, Ruiz and Martin",Corp
c_255,Bell LLC,Corp
c_256,Carr LLC,Corp
c_257,"Deleon, Gibson and James",Corp
c_258,Burns-Mitchell,Corp
c_259,Martinez Group,Corp
c_260,"Duran, Thompson and Schneider",Corp
c_261,"Martin, Smith and Phillips",Corp
c_262,Jones-Reilly,Corp
c_263,Cohen-Hendricks,Corp
c_264,Ho Group,Corp
c_265,"Schultz, Price and Bauer",Corp
c_266,"Carroll, Hawkins and Calderon",Corp
c_267,Brooks and Sons,Corp
c_268,"Calhoun, Allen and George",Corp
c_269,"Beck, Garza and Lee",Corp
c_270,Brown-Carlson,Corp
c_271,"Mitchell, Hickman and Anderson",Corp
c_272,Blackwell Group,Corp
c_273,Ali-Smith,Corp
c_274,"Rodriguez, Wilkerson and Castillo",Corp
c_275,"Herman, Wilson and Smith",Corp
c_276,Johnson-Taylor,Corp
c_277,Duran-Moreno,Corp
c_278,Smith Group,Corp
c_279,Fleming-Buck,Corp
c_280,"Richardson, Moody and Atkinson",Corp
c_281,Jones-Hull,Corp
c_282,Robertson-Curry,Corp
c_283,"Vasquez, Mason and Crosby",Corp
c_284,"Leon, Morgan and Mccullough",Corp
c_285,Hudson Ltd,Corp
c_286,Hansen-Contreras,Corp
c_287,Smith-Dickerson,Corp
c_288,Lamb Ltd,Corp
c_289,Smith PLC,Corp
c_290,Copeland-Perez,Corp
c_291,Mcbride-Robles,Corp
c_292,Henderson-Mitchell,Corp
c_293,Johnson Inc,Corp
c_294,James-Rivera,Corp
c_295,Wiggins PLC,Corp
c_296,"Roach, Martin and Bush",Corp
c_297,"Winters, Mitchell and Wolfe",Corp
c_298,Barrett PLC,Corp
c_299,Holden Inc,Corp
c_300,"Flores, Pugh and Brown",Corp
c_301,Munoz-Bates,Corp
c_302,Hill-Warren,Corp
c_303,Chang-Smith,Corp
c_304,Vaughn-Williams,Corp
c_305,Flores-Howard,Corp
c_306,Diaz-Turner,Corp
c_307,Hughes and Sons,Corp
c_308,Rodriguez LLC,Corp
c_309,Garcia PLC,Corp
c_310,Simmons Group,Corp
c_311,"Jones, Bell and Stone",Corp
c_312,Shannon-Hernandez,Corp
c_313,Lee-Davis,Corp
c_314,Smith-Jones,Corp
c_315,"Stewart, Powell and Fleming",Corp
c_316,"Barrera, Neal and Mclaughlin",Corp
c_317,Baker-Bauer,Corp
c_318,"Young, Martin and Murray",Corp
c_319,Stewart Group,Corp
c_320,Wong-Johnson,Corp
c_321,"Baker, Hunt and Allen",Corp
c_322,"Hall, Jackson and Chapman",Corp
c_323,Lewis Inc,Corp
c_324,Patton-Barry,Corp
c_325,Mcdaniel Ltd,Corp
c_326,"Stevens, Lewis and Crawford",Corp
c_327,Scott-Wilson,Corp
c_328,Perez LLC,Corp
c_329,Hodge Inc,Corp
c_330,"Young, Shaw and Cameron",Corp
c_331,Mendez-Mason,Corp
c_332,Wright and Sons,Corp
c_333,"Morris, Wise and Padilla",Corp
c_334,"Sanders, Terry and Murray",Corp
c_335,Pacheco-Sanchez,Corp
c_336,Copeland LLC,Corp
c_337,"Rodriguez, Padilla and Alexander",Corp
c_338,"Juarez, Hamilton and Schmidt",Corp
c_339,Grant-Williams,Corp
c_340,Hendrix LLC,Corp
c_341,Andrade-Clay,Corp
c_342,Perry-Reynolds,Corp
c_343,Dixon Inc,Corp
c_344,"Nichols, Hamilton and Hopkins",Corp
c_345,Wilkins-Mendez,Corp
c_346,Pollard-Crawford,Corp
c_347,Sullivan-Mcgrath,Corp
c_348,"Martin, Oliver and Gomez",Corp
c_349,"Gilmore, Bradley and Taylor",Corp
c_350,Lynch and Sons,Corp
c_351,Lindsey and Sons,Corp
c_352,Smith Group,Corp
c_353,Rodriguez-Powers,Corp
c_354,"Nichols, Santos and Hickman",Corp
c_355,Gomez-Hudson,Corp
c_356,Mendoza Inc,Corp
c_357,Mitchell Inc,Corp
c_358,Marshall-Stone,Corp
c_359,Haley-Davis,Corp
c_360,"Brooks, Mosley and Anderson",Corp
c_361,Doyle-Salazar,Corp
c_362,"Williams, Rogers and Jimenez",Corp
c_363,"Schneider, Wilson and Powell",Corp
c_364,"Spencer, Long and King",Corp
c_365,Rodriguez Group,Corp
c_366,Williams and Sons,Corp
c_367,"Guerra, Sanders and Medina",Corp
c_368,Livingston and Sons,Corp
c_369,"Miller, Wright and Jenkins",Corp
c_370,Parker Group,Corp
c_371,Henson-Wright,Corp
c_372,"Kelley, Hahn and Yang",Corp
c_373,Rice-Hill,Corp
c_374,Becker Ltd,Corp
c_375,"Hicks, Wolfe and Randall",Corp
c_376,"Smith, Daniels and Flores",Corp
c_377,"Rasmussen, Gonzales and Chaney",Corp
c_378,"Bowen, Davis and Lopez",Corp
c_379,"Williams, Camacho and Johnson",Corp
c_380,Walker-Washington,Corp
c_381,"Spencer, Burton and Hicks",Corp
c_382,"Morrow, Ramirez and Stephens",Corp
c_383,Christensen Inc,Corp
c_384,"Miller, Wade and Smith",Corp
c_385,Martinez-Weaver,Corp
c_386,Church and Sons,Corp
c_387,"Carter, Turner and Smith",Corp
c_388,Torres-Lin,Corp
c_389,Bell-Bates,Corp
c_390,Wells and Sons,Corp
c_391,Hansen-Bowers,Corp
c_392,Coleman-Obrien,Corp
c_393,"Willis, Watson and Miller",Corp
c_394,Reid-Harrison,Corp
c_395,"Carr, Patrick and Villanueva",Corp
c_396,Marshall-Carter,Corp
c_397,"Freeman, Thompson and Winters",Corp
c_398,Cohen PLC,Corp
c_399,Collins-Jennings,Corp
c_400,Ross-Ramos,Corp
c_401,Townsend-Neal,Corp
c_402,Bryant-Williams,Corp
c_403,Greene Group,Corp
c_404,Pace Ltd,Corp
c_405,"Singleton, Rodgers and Kim",Corp
c_406,Waters Group,Corp
c_407,Kidd-Martin,Corp
c_408,Coleman-Martin,Corp
c_409,Ryan-Walker,Corp
c_410,Johnson PLC,Corp
c_411,"Cannon, Drake and Herrera",Corp
c_412,Frye and Sons,Corp
c_413,"Adams, Mahoney and Garcia",Corp
c_414,"Howard, Little and Maynard",Corp
c_415,"Blair, Sanchez and Curry",Corp
c_416,Drake-Bailey,Corp
c_417,Brown-Kidd,Corp
c_418,Martin Group,Corp
c_419,"Wilkins, Harris and Hardy",Corp
c_420,"Mcdaniel, Smith and Matthews",Corp
c_421,"Baker, Martinez and Juarez",Corp
c_422,Welch Ltd,Corp
c_423,Lopez Ltd,Corp
c_424,"Rogers, Garrett and Taylor",Corp
c_425,Taylor-Waters,Corp
c_426,"Williams, Shepherd and Rodriguez",Corp
c_427,Wright Group,Corp
c_428,Cook PLC,Corp
c_429,Harris-Garcia,Corp
c_430,Cole PLC,Corp
c_431,Johnston LLC,Corp
c_432,Ruiz and Sons,Corp
c_433,Swanson-Yu,Corp
c_434,Mathews-Brown,Corp
c_435,Moore-Davies,Corp
c_436,Gregory-Bailey,Corp
c_437,"Holt, Mckinney and Lopez",Corp
c_438,Jacobs Ltd,Corp
c_439,Love Ltd,Corp
c_440,Weiss-Barnes,Corp
c_441,Jones-Davidson,Corp
c_442,Welch-Gomez,Corp
c_443,Whitaker-Black,Corp
c_444,Campbell-Gibson,Corp
c_445,"Williams, Rivera and Yang",Corp
c_446,"Rogers, Martin and Drake",Corp
c_447,"Robinson, Sullivan and Yang",Corp
c_448,Singh-Flynn,Corp
c_449,Davis-Taylor,Corp
c_450,Gallagher-Gonzales,Corp
c_451,Snyder Group,Corp
c_452,Swanson Inc,Corp
c_453,"Hill, Gomez and Williams",Corp
c_454,Camacho Group,Corp
c_455,Snyder and Sons,Corp
c_456,Daniel-Wolfe,Corp
c_457,Medina-Bates,Corp
c_458,Parker-Richardson,Corp
c_459,"Jensen, Webb and Garrett",Corp
c_460,Morales-Wilson,Corp
c_461,Nguyen and Sons,Corp
c_462,Holt PLC,Corp
c_463,Johnson and Sons,Corp
c_464,Hernandez Inc,Corp
c_465,Wilson-Burns,Corp
c_466,"Harrison, Cross and Smith",Corp
c_467,Brooks and Sons,Corp
c_468,Pollard-Howard,Corp
c_469,Haynes-Martinez,Corp
c_470,"Smith, Arellano and Schneider",Corp
c_471,Thompson-Baker,Corp
c_472,Thomas PLC,Corp
c_473,Cox-Patterson,Corp
c_474,"Stevens, Noble and Shields",Corp
c_475,Townsend Ltd,Corp
c_476,"Sims, Moss and Pierce",Corp
c_477,Jensen and Sons,Corp
c_478,Mercado-Morton,Corp
c_479,Gallegos-Hickman,Corp
c_480,"Cline, Carson and Valdez",Corp
c_481,Smith-Willis,Corp
c_482,Conway-Smith,Corp
c_483,"Anderson, Williams and Gonzalez",Corp
c_484,"Cunningham, Klein and Harrell",Corp
c_485,Reed-Weiss,Corp
c_486,Powell LLC,Corp
c_487,Hanna and Sons,Corp
c_488,Anderson Ltd,Corp
c_489,Garcia-Olson,Corp
c_490,"Bolton, Dawson and Martinez",Corp
c_491,James-Taylor,Corp
c_492,Spears LLC,Corp
c_493,Davis LLC,Corp
c_494,Dennis-Mitchell,Corp
c_495,"Moore, Wheeler and Brown",Corp
c_496,"Browning, Lee and Mcclain",Corp
c_497,Scott-Shaw,Corp
c_498,"Collins, Castillo and Thomas",Corp
c_499,"Higgins, Cook and Jones",Corp
c_500,Stevenson-Hood,Corp
c_501,Jones-Woods,Corp
c_502,"Calderon, Fuller and Ramirez",Corp
c_503,Townsend-Lee,Corp
c_504,Hodge-Benson,Corp
c_505,Williams-Knight,Corp
c_506,"Monroe, Garrison and Johnson",Corp
c_507,Willis and Sons,Corp
c_508,Rodriguez-Fields,Corp
c_509,"Todd, Boone and Gonzales",Corp
c_510,Wright LLC,Corp
c_511,Ford-Davis,Corp
c_512,Gutierrez LLC,Corp
c_513,Martin-Griffin,Corp
c_514,Sanchez-Smith,Corp
c_515,Scott-White,Corp
c_516,Richard-Joseph,Corp
c_517,Wright-Gonzalez,Corp
c_518,"Booth, Mcgee and Adams",Corp
c_519,Ochoa and Sons,Corp
c_520,Ho and Sons,Corp
c_521,Stanley-Porter,Corp
c_522,Williams-Larsen,Corp
c_523,Anderson PLC,Corp
c_524,Griffin and Sons,Corp
c_525,Stanton PLC,Corp
c_526,Rios Group,Corp
c_527,"Mccann, Williams and Roberson",Corp
c_528,Adams-Knight,Corp
c_529,"Durham, Diaz and White",Corp
c_530,Dunn-Scott,Corp
c_531,"Clayton, Owens and Russell",Corp
c_532,"Martin, Everett and Harris",Corp
c_533,Stephenson Ltd,Corp
c_534,Hopkins-Melton,Corp
c_535,Jimenez-Ochoa,Corp
c_536,"Sanders, Molina and Jones",Corp
c_537,Byrd LLC,Corp
c_538,Snyder-Monroe,Corp
c_539,Martinez-Mack,Corp
c_540,Davies Ltd,Corp
c_541,"Gray, Kelly and Werner",Corp
c_542,Black PLC,Corp
c_543,Brock Inc,Corp
c_544,"Wyatt, Williams and Gonzalez",Corp
c_545,Avery and Sons,Corp
c_546,Ray-Aguilar,Corp
c_547,"Peterson, Foster and Black",Corp
c_548,Roth LLC,Corp
c_549,"Evans, Carey and Richardson",Corp
c_550,Lee LLC,Corp
c_551,Bowers-Ford,Corp
c_552,Gonzalez-Adams,Corp
c_553,Jones Inc,Corp
c_554,Jones-Baker,Corp
c_555,Reed-Carrillo,Corp
c_556,Garcia-Morales,Corp
c_557,Flores Inc,Corp
c_558,Alexander Group,Corp
c_559,"Miller, Gross and Robinson",Corp
c_560,Massey-Walsh,Corp
c_561,Anderson-Little,Corp
c_562,Clark-Shields,Corp
c_563,"Gamble, Young and Hensley",Corp
c_564,Sparks-Wells,Corp
c_565,Graham Group,Corp
c_566,"Thompson, Yang and Morrow",Corp
c_567,Gardner PLC,Corp
c_568,"Ponce, Bates and Cummings",Corp
c_569,Hancock-Gibson,Corp
c_570,Davis LLC,Corp
c_571,Cook Ltd,Corp
c_572,Castro-Mccarthy,Corp
c_573,"Ewing, Ford and Pope",Corp
c_574,"Henry, Johnson and Sutton",Corp
c_575,Monroe Ltd,Corp
c_576,Mitchell Ltd,Corp
c_577,Coleman-Bowers,Corp
c_578,Pitts-Owens,Corp
c_579,Boyle PLC,Corp
c_580,Hogan-Williams,Corp
c_581,Holden Inc,Corp
c_582,Cook Ltd,Corp
c_583,"Combs, Lopez and Ellis",Corp
c_584,Nelson-Keller,Corp
c_585,Woods PLC,Corp
c_586,Moore-Schroeder,Corp
c_587,Franklin Ltd,Corp
c_588,"Cannon, Burnett and Robertson",Corp
c_589,Anderson PLC,Corp
c_590,"Brown, Sutton and Klein",Corp
c_591,Cook-Ochoa,Corp
c_592,Lopez and Sons,Corp
c_593,Bauer-Howard,Corp
c_594,Simmons-Henry,Corp
c_595,"Park, Washington and Beck",Corp
c_596,Williams Ltd,Corp
c_597,Marquez-Coleman,Corp
c_598,Blanchard Inc,Corp
c_599,"Jackson, Owens and Nelson",Corp
c_600,Leonard Group,Corp
c_601,Brown Ltd,Corp
c_602,Graham-Jones,Corp
c_603,Williams and Sons,Corp
c_604,Kramer-Shepard,Corp
c_605,"Anderson, Armstrong and Cruz",Corp
c_606,Jimenez-Wiley,Corp
c_607,Lee-Clarke,Corp
c_608,Richards Group,Corp
c_609,Hampton PLC,Corp
c_610,"Brown, Glenn and Petersen",Corp
c_611,Kane-Aguilar,Corp
c_612,Hodge-Duncan,Corp
c_613,Davidson PLC,Corp
c_614,"Casey, Carson and Owens",Corp
c_615,"Walters, Mccann and Mccormick",Corp
c_616,Herrera Group,Corp
c_617,"Chen, Cohen and Gonzalez",Corp
c_618,"Reyes, Morrison and Lewis",Corp
c_619,"Williams, Barajas and Smith",Corp
c_620,Wright-Phillips,Corp
c_621,French and Sons,Corp
c_622,"Dyer, King and Martin",Corp
c_623,"Wilson, Washington and Shah",Corp
c_624,Montes Ltd,Corp
c_625,James-Nunez,Corp
c_626,"White, Smith and Barber",Corp
c_627,Robinson PLC,Corp
c_628,Gonzalez-Brown,Corp
c_629,Perez-Ruiz,Corp
c_630,"Cunningham, Parrish and Jackson",Corp
c_631,"Beasley, Ingram and Turner",Corp
c_632,"Garcia, Walters and Miranda",Corp
c_633,Lopez-Brown,Corp
c_634,Maynard-Smith,Corp
c_635,"Lewis, Hernandez and Turner",Corp
c_636,"Russell, Simmons and Garner",Corp
c_637,Wilkins-Anthony,Corp
c_638,"Johnson, Miller and Aguirre",Corp
c_639,Wilkins-Anderson,Corp
c_640,"Mills, Bates and Mcdonald",Corp
c_641,Short PLC,Corp
c_642,Howard Ltd,Corp
c_643,Mullen LLC,Corp
c_644,Ortega Group,Corp
c_645,"Bowers, Taylor and Jones",Corp
c_646,Alvarez LLC,Corp
c_647,"Hernandez, Mitchell and Mosley",Corp
c_648,Warner Group,Corp
c_649,"Martinez, Baker and Howell",Corp
c_650,"Wilson, Cooke and Larsen",Corp
c_651,Bryant PLC,Corp
c_652,"Christensen, Green and Garcia",Corp
c_653,Armstrong-Smith,Corp
c_654,"Rocha, Hale and Le",Corp
c_655,Nguyen-Clarke,Corp
c_656,Johnson LLC,Corp
c_657,Harris PLC,Corp
c_658,Irwin-Hernandez,Corp
c_659,"Norton, Stevens and Huang",Corp
c_660,Wilson LLC,Corp
c_661,Charles LLC,Corp
c_662,"Mitchell, Patel and Lozano",Corp
c_663,Cooper Inc,Corp
c_664,"Bolton, Carson and Green",Corp
c_665,Singleton and Sons,Corp
c_666,Reed Ltd,Corp
c_667,"Hines, Ortega and Schmitt",Corp
c_668,Franklin-Sanchez,Corp
c_669,Ward Inc,Corp
c_670,Peters LLC,Corp
c_671,Fuller-Stevens,Corp
c_672,Rhodes-English,Corp
c_673,Fuller Inc,Corp
c_674,Gibson-Mcbride,Corp
c_675,Wise Inc,Corp
c_676,Bell-Nichols,Corp
c_677,Mckinney-Sanchez,Corp
c_678,Murphy-Jackson,Corp
c_679,Allen-James,Corp
c_680,"Carson, Pope and Taylor",Corp
c_681,Rojas Group,Corp
c_682,Wilson Group,Corp
c_683,Edwards and Sons,Corp
c_684,Flores LLC,Corp
c_685,"Olson, Wright and Gibbs",Corp
c_686,Miller-James,Corp
c_687,Lowe-King,Corp
c_688,Decker and Sons,Corp
c_689,Jones and Sons,Corp
c_690,White Group,Corp
c_691,Knight-Brown,Corp
c_692,Buckley-Rosario,Corp
c_693,"Wilkins, Lowery and Martinez",Corp
c_694,"Wheeler, Wilson and Christian",Corp
c_695,Johnson-Hall,Corp
c_696,"Jackson, Jenkins and Ortiz",Corp
c_697,Smith PLC,Corp
c_698,Thomas LLC,Corp
c_699,"Lopez, Cohen and Lawrence",Corp
c_700,Rodriguez PLC,Corp
c_701,Cannon-Richmond,Corp
c_702,Lee LLC,Corp
c_703,Taylor-Sanford,Corp
c_704,Park-Baker,Corp
c_705,Strickland LLC,Corp
c_706,Nunez-Kelley,Corp
c_707,Bonilla-Nelson,Corp
c_708,"Townsend, Riley and Garrison",Corp
c_709,Anderson Ltd,Corp
c_710,"Adams, Ramirez and Hanson",Corp
c_711,Fowler Inc,Corp
c_712,Kelly-Campos,Corp
c_713,Ayers-Miller,Corp
c_714,Leonard PLC,Corp
c_715,Bonilla-Nelson,Corp
c_716,Miller-Young,Corp
c_717,"Mckinney, Callahan and Johnson",Corp
c_718,Hudson-Finley,Corp
c_719,"Nelson, Ford and Johnson",Corp
c_720,Brown-Sullivan,Corp
c_721,Smith and Sons,Corp
c_722,Lowery-Hernandez,Corp
c_723,Henson Inc,Corp
c_724,Scott-Mcguire,Corp
c_725,"Harmon, Frazier and Carson",Corp
c_726,"Moore, Jones and Davis",Corp
c_727,Andrade Ltd,Corp
c_728,Ford-Crawford,Corp
c_729,Valdez Inc,Corp
c_730,Bishop PLC,Corp
c_731,"Frazier, Myers and Gonzalez",Corp
c_732,White-Douglas,Corp
c_733,Wagner-Hooper,Corp
c_734,Pierce-Hamilton,Corp
c_735,"Wood, Good and Johnson",Corp
c_736,Mercado PLC,Corp
c_737,"Newman, Byrd and Lynch",Corp
c_738,Jensen Ltd,Corp
c_739,Abbott-Todd,Corp
c_740,Thompson PLC,Corp
c_741,"Hancock, Combs and Martinez",Corp
c_742,"Sparks, Carter and Gonzalez",Corp
c_743,"Smith, Phillips and Allen",Corp
c_744,Franklin and Sons,Corp
c_745,"Lara, Dorsey and Reynolds",Corp
c_746,"Ho, Valenzuela and Alexander",Corp
c_747,Day Group,Corp
c_748,"Day, Rangel and Wood",Corp
c_749,Carroll and Sons,Corp
c_750,Mendez-Wolfe,Corp
c_751,Dalton Group,Corp
c_752,White LLC,Corp
c_753,"Evans, Huang and Bell",Corp
c_754,"Thompson, Orr and Banks",Corp
c_755,"Mitchell, Diaz and Wood",Corp
c_756,Mcneil PLC,Corp
c_757,Richards-Dominguez,Corp
c_758,Suarez PLC,Corp
c_759,Waters Inc,Corp
c_760,"Johnson, Pitts and Greene",Corp
c_761,Ramos-Sanford,Corp
c_762,Salas-Decker,Corp
c_763,Rose-Taylor,Corp
c_764,Brady Group,Corp
c_765,Robinson-Ross,Corp
c_766,Castillo-Berry,Corp
c_767,"Frost, Wheeler and Jones",Corp
c_768,Hogan-Boyd,Corp
c_769,Ramirez and Sons,Corp
c_770,Vega Ltd,Corp
c_771,Ryan PLC,Corp
c_772,Castaneda-Lee,Corp
c_773,Skinner Inc,Corp
c_774,Conrad and Sons,Corp
c_775,Kim-Dunlap,Corp
c_776,Jackson Group,Corp
c_777,"Hodges, Rios and Mercer",Corp
c_778,Christensen-Jones,Corp
c_779,Spears LLC,Corp
c_780,Davis PLC,Corp
c_781,Rose Inc,Corp
c_782,"Cardenas, Martinez and Richard",Corp
c_783,"Glass, Lopez and Lee",Corp
c_784,Steele-Becker,Corp
c_785,Morris-Gonzales,Corp
c_786,Harrison-Lester,Corp
c_787,"Lang, Adams and Oliver",Corp
c_788,Roberts-Thomas,Corp
c_789,"Young, Cook and Smith",Corp
c_790,Stephens-Obrien,Corp
c_791,Quinn Inc,Corp
c_792,Taylor Inc,Corp
c_793,Logan PLC,Corp
c_794,Kelly-Walker,Corp
c_795,Butler PLC,Corp
c_796,Barron-Hamilton,Corp
c_797,"Meza, Hernandez and Kennedy",Corp
c_798,"Santana, Perez and Sampson",Corp
c_799,"Bonilla, Warner and Peters",Corp
c_800,Barnett Ltd,Corp
c_801,Perkins Group,Corp
c_802,"Hartman, Hall and Frazier",Corp
c_803,Wilkins-Miller,Corp
c_804,"Tran, Price and Foster",Corp
c_805,"Orozco, Mckee and Scott",Corp
c_806,"Wong, Schneider and Chapman",Corp
c_807,Figueroa-Rogers,Corp
c_808,"Buchanan, Dominguez and Ramos",Corp
c_809,Martinez-Mcmahon,Corp
c_810,"Odom, Johnson and Garcia",Corp
c_811,"Williams, Rivera and Ferguson",Corp
c_812,Henderson Group,Corp
c_813,Noble-Hansen,Corp
c_814,"Farmer, Alexander and Sanchez",Corp
c_815,Gallagher Group,Corp
c_816,Day PLC,Corp
c_817,Mcdonald-Rose,Corp
c_818,Carpenter-Lee,Corp
c_819,Jimenez LLC,Corp
c_820,Cline LLC,Corp
c_821,Miller-Ramirez,Corp
c_822,Forbes-Crawford,Corp
c_823,"Ali, West and Evans",Corp
c_824,"Vance, Miller and Adams",Corp
c_825,Watson Ltd,Corp
c_826,Hill-Smith,Corp
c_827,Perry PLC,Corp
c_828,Guerra-Butler,Corp
c_829,James-Chambers,Corp
c_830,"Berry, Lopez and Dennis",Corp
c_831,"Golden, Miller and Dunn",Corp
c_832,Jimenez-Johnson,Corp
c_833,Walsh-Fox,Corp
c_834,Miller Group,Corp
c_835,Gutierrez-Garcia,Corp
c_836,Salinas Group,Corp
c_837,Buchanan-Harrison,Corp
c_838,Hogan PLC,Corp
c_839,Mueller-Gomez,Corp
c_840,Hill-Delgado,Corp
c_841,Dean and Sons,Corp
c_842,Ryan-Benitez,Corp
c_843,Griffin-Garcia,Corp
c_844,"Dominguez, Anderson and Robinson",Corp
c_845,"Johnson, Harris and Mcpherson",Corp
c_846,"Harris, Garcia and Hernandez",Corp
c_847,Andrade and Sons,Corp
c_848,Robinson PLC,Corp
c_849,"Shelton, Cox and Hogan",Corp
c_850,"Nixon, Savage and Price",Corp
c_851,Glass-Stokes,Corp
c_852,"Lawrence, Hartman and Spencer",Corp
c_853,"Bates, Taylor and Romero",Corp
c_854,Wells Inc,Corp
c_855,Thompson-Colon,Corp
c_856,Carter-Luna,Corp
c_857,Ayala LLC,Corp
c_858,"Manning, Pham and Richardson",Corp
c_859,Smith LLC,Corp
c_860,Ross-Williams,Corp
c_861,"Freeman, Woods and Taylor",Corp
c_862,Gonzales-Hicks,Corp
c_863,"Hodge, Jackson and Weber",Corp
c_864,White-Nelson,Corp
c_865,"Sanchez, Taylor and Clark",Corp
c_866,"Anderson, Warren and Cook",Corp
c_867,"Castaneda, Carlson and Patterson",Corp
c_868,"Perkins, Church and Garcia",Corp
c_869,"Johnson, Garcia and Tran",Corp
c_870,Oliver-Thompson,Corp
c_871,Parker Group,Corp
c_872,Bender Group,Corp
c_873,"Williams, Blankenship and Wood",Corp
c_874,"Garcia, Moore and Day",Corp
c_875,Graham-Luna,Corp
c_876,Hughes Ltd,Corp
c_877,"Delgado, Tate and Guzman",Corp
c_878,Bell-Johnson,Corp
c_879,Figueroa-Lang,Corp
c_880,Kelly Ltd,Corp
c_881,Miller-Hernandez,Corp
c_882,"Tucker, Anderson and Holloway",Corp
c_883,"Weeks, West and Rose",Corp
c_884,Lyons PLC,Corp
c_885,Little-Powell,Corp
c_886,Morgan PLC,Corp
c_887,Tran-Powers,Corp
c_888,"Brown, Bell and Rice",Corp
c_889,Kelly-Gonzalez,Corp
c_890,Newman-Norman,Corp
c_891,"Gonzalez, Haas and Villarreal",Corp
c_892,"Lawson, Williams and Nunez",Corp
c_893,Evans PLC,Corp
c_894,Dunlap-Ryan,Corp
c_895,"Vargas, Jimenez and Anderson",Corp
c_896,"Bradley, Bailey and Hart",Corp
c_897,Smith-Carpenter,Corp
c_898,Rivera Inc,Corp
c_899,Johnson Ltd,Corp
c_900,"Parks, Barnett and Herman",Corp
c_901,Tyler Group,Corp
c_902,Rodriguez-Barnes,Corp
c_903,Morgan LLC,Corp
c_904,Howard LLC,Corp
c_905,Giles and Sons,Corp
c_906,Wang-Jackson,Corp
c_907,Wells Group,Corp
c_908,Long Inc,Corp
c_909,"Dunlap, Simmons and Johnson",Corp
c_910,Blackburn-Leonard,Corp
c_911,Clarke Ltd,Corp
c_912,"Watson, Sanchez and Young",Corp
c_913,"Palmer, Sandoval and Hall",Corp
c_914,Greer-Wong,Corp
c_915,Guzman-Johnson,Corp
c_916,Obrien and Sons,Corp
c_917,Randall Inc,Corp
c_918,Walker-Cisneros,Corp
c_919,"Moore, Brown and Smith",Corp
c_920,Sandoval and Sons,Corp
c_921,Jennings Group,Corp
c_922,Jones and Sons,Corp
c_923,"Martinez, Moreno and Howell",Corp
c_924,"Rodriguez, Salazar and Rodriguez",Corp
c_925,Cruz-Oneal,Corp
c_926,Dunn PLC,Corp
c_927,Beard Ltd,Corp
c_928,Ward Ltd,Corp
c_929,"May, Fisher and White",Corp
c_930,"Mitchell, Pugh and Jones",Corp
c_931,"Stokes, Johnson and Ford",Corp
c_932,Gordon Group,Corp
c_933,Smith-Yang,Corp
c_934,"Salinas, Bender and Taylor",Corp
c_935,Wheeler Inc,Corp
c_936,Graves Group,Corp
c_937,"Murphy, Thompson and Long",Corp
c_938,Marsh Ltd,Corp
c_939,"Farley, Saunders and Morales",Corp
c_940,Lopez-Lin,Corp
c_941,Hoffman-Luna,Corp
c_942,Petersen and Sons,Corp
c_943,"Anderson, Wong and Wilson",Corp
c_944,Nelson PLC,Corp
c_945,Dawson Group,Corp
c_946,"Yang, Adams and Bender",Corp
c_947,Williams-Hall,Corp
c_948,Taylor-Hicks,Corp
c_949,Dean Inc,Corp
c_950,Torres-French,Corp
c_951,Moran-Rodriguez,Corp
c_952,Woods PLC,Corp
c_953,Rivera-Castro,Corp
c_954,Montoya-Thomas,Corp
c_955,Chavez Inc,Corp
c_956,Klein-Lopez,Corp
c_957,"Evans, Brown and Rosario",Corp
c_958,Daniels LLC,Corp
c_959,Lawrence LLC,Corp
c_960,Knapp PLC,Corp
c_961,Grant Ltd,Corp
c_962,Flores-White,Corp
c_963,Stone-Guzman,Corp
c_964,"Ortega, Aguilar and Sanchez",Corp
c_965,"Lopez, Leonard and Morales",Corp
c_966,"Levy, Martin and Gill",Corp
c_967,Russell-Hull,Corp
c_968,Smith Group,Corp
c_969,Kelley and Sons,Corp
c_970,"Richardson, Price and Santiago",Corp
c_971,"Gray, Garza and Rodriguez",Corp
c_972,"Delgado, Griffith and Freeman",Corp
c_973,Boone-Mendez,Corp
c_974,Nelson-Elliott,Corp
c_975,"Alexander, Taylor and Cruz",Corp
c_976,"Hernandez, Meyer and Jackson",Corp
c_977,Perez-Benson,Corp
c_978,"Frazier, Rodriguez and Donaldson",Corp
c_979,Galvan and Sons,Corp
c_980,"Patel, Savage and Macias",Corp
c_981,Sanchez-Alexander,Corp
c_982,"King, Hamilton and Kennedy",Corp
c_983,Jones-Montoya,Corp
c_984,Donaldson-Crane,Corp
c_985,"Crawford, Thomas and Watson",Corp
c_986,Hill Group,Corp
c_987,Garcia-Potts,Corp
c_988,"Henderson, Taylor and Banks",Corp
c_989,Simpson-Herrera,Corp
c_990,Huffman Ltd,Corp
c_991,Merritt-Wolf,Corp
c_992,"Grimes, Martinez and Harrison",Corp
c_993,Lee-Burns,Corp
c_994,Ramsey-Sanchez,Corp
c_995,Daugherty PLC,Corp
c_996,Garcia-Day,Corp
c_997,"Wolf, Harrell and Diaz",Corp
c_998,Johnson Inc,Corp
c_999,Callahan-Hardy,Corp
